{"cameraMode":{"drawMode":0,"name":"Shaded","section":"Shading Mode"},"sceneLighting":false,"audioPlay":false,"sceneViewState":{"m_AlwaysRefresh":false,"showFog":true,"showSkybox":false,"showFlares":true,"showImageEffects":true,"showParticleSystems":true,"showVisualEffectGraphs":true,"m_FxEnabled":true},"in2DMode":false,"pivot":{"x":-1.1077334880828858,"y":0.40705984830856326,"z":-2.047334909439087},"rotation":{"x":-0.013411463238298893,"y":-0.762300431728363,"z":-0.015758244320750238,"w":0.647031307220459},"size":1.7769261598587037,"orthographic":false}