{"cameraMode":{"drawMode":0,"name":"Shaded","section":"Shading Mode"},"sceneLighting":false,"audioPlay":false,"sceneViewState":{"m_AlwaysRefresh":false,"showFog":true,"showSkybox":false,"showFlares":true,"showImageEffects":true,"showParticleSystems":true,"showVisualEffectGraphs":true,"m_FxEnabled":true},"in2DMode":false,"pivot":{"x":0.4026414453983307,"y":0.9212633371353149,"z":0.6908838152885437},"rotation":{"x":-0.10007406771183014,"y":0.7159926295280457,"z":-0.10291338711977005,"w":-0.6836216449737549},"size":1.5853854417800904,"orthographic":false}