{"cameraMode":{"drawMode":0,"name":"Shaded","section":"Shading Mode"},"sceneLighting":true,"audioPlay":false,"sceneViewState":{"m_AlwaysRefresh":false,"showFog":true,"showSkybox":true,"showFlares":true,"showImageEffects":true,"showParticleSystems":true,"showVisualEffectGraphs":true,"m_FxEnabled":true},"in2DMode":false,"pivot":{"x":-16.364076614379884,"y":1.406358003616333,"z":55.409751892089847},"rotation":{"x":-0.008291265927255154,"y":0.7179718017578125,"z":-0.004499880131334066,"w":-0.6969321370124817},"size":0.8660253882408142,"orthographic":false}