{"cameraMode":{"drawMode":0,"name":"Shaded","section":"Shading Mode"},"sceneLighting":false,"audioPlay":false,"sceneViewState":{"m_AlwaysRefresh":false,"showFog":true,"showSkybox":false,"showFlares":true,"showImageEffects":true,"showParticleSystems":true,"showVisualEffectGraphs":true,"m_FxEnabled":true},"in2DMode":false,"pivot":{"x":-0.04478266090154648,"y":-0.0569218285381794,"z":0.25702932476997378},"rotation":{"x":-0.020070629194378854,"y":0.988925039768219,"z":-0.11841562390327454,"w":-0.09693320095539093},"size":0.14838048815727235,"orthographic":false}