{"cameraMode":{"drawMode":0,"name":"Shaded","section":"Shading Mode"},"sceneLighting":false,"audioPlay":false,"sceneViewState":{"m_AlwaysRefresh":false,"showFog":true,"showSkybox":false,"showFlares":true,"showImageEffects":true,"showParticleSystems":true,"showVisualEffectGraphs":true,"m_FxEnabled":true},"in2DMode":false,"pivot":{"x":0.6662401556968689,"y":0.2588742673397064,"z":0.3845231831073761},"rotation":{"x":-0.12053262442350388,"y":0.6894044876098633,"z":-0.11596786975860596,"w":-0.7052207589149475},"size":1.4197275638580323,"orthographic":false}