{"cameraMode":{"drawMode":0,"name":"Shaded","section":"Shading Mode"},"sceneLighting":true,"audioPlay":false,"sceneViewState":{"m_AlwaysRefresh":false,"showFog":true,"showSkybox":false,"showFlares":true,"showImageEffects":true,"showParticleSystems":true,"showVisualEffectGraphs":true,"m_FxEnabled":true},"in2DMode":false,"pivot":{"x":0.5764827728271484,"y":0.25992655754089358,"z":0.688996434211731},"rotation":{"x":0.015414695255458355,"y":0.9790990352630615,"z":0.08036167919635773,"w":-0.1887534260749817},"size":1.398447036743164,"orthographic":false}