{"cameraMode":{"drawMode":0,"name":"Shaded","section":"Shading Mode"},"sceneLighting":false,"audioPlay":false,"sceneViewState":{"m_AlwaysRefresh":false,"showFog":true,"showSkybox":false,"showFlares":true,"showImageEffects":true,"showParticleSystems":true,"showVisualEffectGraphs":true,"m_FxEnabled":true},"in2DMode":false,"pivot":{"x":0.14512811601161958,"y":0.4051632881164551,"z":0.8802418112754822},"rotation":{"x":0.010809878818690777,"y":-0.9424695372581482,"z":0.029286595061421396,"w":0.33360204100608828},"size":1.0612539052963257,"orthographic":false}