{"cameraMode":{"drawMode":0,"name":"Shaded","section":"Shading Mode"},"sceneLighting":false,"audioPlay":false,"sceneViewState":{"m_AlwaysRefresh":false,"showFog":true,"showSkybox":false,"showFlares":true,"showImageEffects":true,"showParticleSystems":true,"showVisualEffectGraphs":true,"m_FxEnabled":true},"in2DMode":false,"pivot":{"x":-0.7378536462783814,"y":-0.5847764611244202,"z":0.12850423157215119},"rotation":{"x":0.13144350051879884,"y":-0.801810622215271,"z":0.19138458371162415,"w":0.5506576895713806},"size":1.7158678770065308,"orthographic":false}