{"cameraMode":{"drawMode":0,"name":"Shaded","section":"Shading Mode"},"sceneLighting":false,"audioPlay":false,"sceneViewState":{"m_AlwaysRefresh":false,"showFog":true,"showSkybox":false,"showFlares":true,"showImageEffects":true,"showParticleSystems":true,"showVisualEffectGraphs":true,"m_FxEnabled":true},"in2DMode":false,"pivot":{"x":16.977645874023439,"y":2.7575814723968508,"z":109.91401672363281},"rotation":{"x":-0.03860720619559288,"y":-0.9245318174362183,"z":0.09744052588939667,"w":-0.3664705753326416},"size":8.349178314208985,"orthographic":false}