{"cameraMode":{"drawMode":0,"name":"Shaded","section":"Shading Mode"},"sceneLighting":false,"audioPlay":false,"sceneViewState":{"m_AlwaysRefresh":false,"showFog":true,"showSkybox":false,"showFlares":true,"showImageEffects":true,"showParticleSystems":true,"showVisualEffectGraphs":true,"m_FxEnabled":true},"in2DMode":false,"pivot":{"x":0.05524655431509018,"y":0.4259057343006134,"z":-0.03872837871313095},"rotation":{"x":-0.40115800499916079,"y":-0.23768633604049684,"z":0.11062289029359818,"w":-0.8781551122665405},"size":0.2581258714199066,"orthographic":false}