{"cameraMode":{"drawMode":0,"name":"Shaded","section":"Shading Mode"},"sceneLighting":true,"audioPlay":false,"sceneViewState":{"m_AlwaysRefresh":false,"showFog":true,"showSkybox":false,"showFlares":true,"showImageEffects":true,"showParticleSystems":true,"showVisualEffectGraphs":true,"m_FxEnabled":true},"in2DMode":false,"pivot":{"x":3.5908539295196535,"y":3.1371631622314455,"z":12.263335227966309},"rotation":{"x":-0.11143724620342255,"y":-0.6106919050216675,"z":0.08860262483358383,"w":-0.779313862323761},"size":1.2247449159622193,"orthographic":false}