{"cameraMode":{"drawMode":0,"name":"Shaded","section":"Shading Mode"},"sceneLighting":false,"audioPlay":false,"sceneViewState":{"m_AlwaysRefresh":false,"showFog":true,"showSkybox":false,"showFlares":true,"showImageEffects":true,"showParticleSystems":true,"showVisualEffectGraphs":true,"m_FxEnabled":true},"in2DMode":false,"pivot":{"x":-1.5972753763198853,"y":-1.1873087882995606,"z":7.3446478843688969},"rotation":{"x":0.09500206261873245,"y":-0.32805436849594118,"z":-0.9392935037612915,"w":-0.03318559378385544},"size":4.299750328063965,"orthographic":false}